task,feature_set,model,n_train,n_val,n_test,validation_threshold,validation_net_bps,validation_n_trades,validation_objective,auroc,auprc,f1,balanced_accuracy,brier_score,net_bps_captured,hit_rate_above_cost,false_positive_cost,n_trades,final_pnl_usd,max_drawdown_usd,sharpe_ratio
basis_1m_gt10bps,price_only,no_trade,19735,11222,15387,0.5,,0,total_pnl_min25trades,0.5,0.36121401182816665,0.0,0.5,0.36121401182816665,nan,nan,nan,0,0.0,0.0,nan
basis_1m_gt10bps,price_only,last_value,19735,11222,15387,0.95,-120.46,7458,total_pnl_min25trades,0.6517293780501561,0.4688604905327636,0.5265773990667478,0.5108343589376174,0.6085883807833352,-225.9761678653044,0.024791637236897868,-235.4514502151853,14158,-15996852.923184875,15996852.923184875,-452.647144177906
basis_1m_gt10bps,price_only,rolling_mean,19735,11222,15387,0.5,,0,total_pnl_min25trades,0.5,0.36121401182816665,0.0,0.5,0.36121401182816665,nan,nan,nan,0,0.0,0.0,nan
basis_1m_gt10bps,price_only,ar1,19735,11222,15387,0.5,,0,total_pnl_min25trades,0.5106542458992273,0.36647875827447945,0.5262252794496991,0.5095856490353523,0.6038674021391643,-225.87334488563837,0.024695701118694152,-235.30842875080526,14213,-16051689.25429787,16051689.25429787,-454.0474767088739
basis_1m_gt10bps,price_only,logistic,19735,11222,15387,0.5,-90.9,2,total_pnl_min25trades,0.3057275726546837,0.2899009446151686,0.009632536567962896,0.5013606638981788,0.35567885101326135,-96.14175070075264,0.0,-96.14175070075264,48,-23074.02016818063,23074.02016818063,-39.308898276704916
basis_1m_gt10bps,price_only,ridge,19735,11222,15387,0.5,,0,total_pnl_min25trades,0.49013569241661054,0.36493277020778053,0.0,0.5,0.3564161647468051,nan,nan,nan,0,0.0,0.0,nan
basis_1m_gt10bps,price_only,lasso,19735,11222,15387,0.5,,0,total_pnl_min25trades,0.5318376497920119,0.4611088450472536,0.0,0.5,0.33522419848270296,nan,nan,nan,0,0.0,0.0,nan
basis_1m_gt10bps,price_only,lgbm,19735,11222,15387,0.95,-130.86,80,total_pnl_min25trades,0.5762833404070344,0.4508980972479629,0.19206680584551147,0.5322960918866265,0.3076746813586563,-198.76447240022878,0.009581881533101045,-201.21097809329453,1148,-1140908.071577312,1140908.071577312,-110.2604314756315
basis_1m_gt10bps,price_only,xgb,19735,11222,15387,0.1625,-53.05,38,total_pnl_min25trades,0.6213425630823974,0.44252108486997754,0.03339711254131153,0.5038035619602581,0.32902963841245103,-165.32304307416243,0.0,-165.32304307416243,191,-157883.50613582507,157883.50613582507,-49.17846308821063
basis_1m_gt10bps,price_only,rf,19735,11222,15387,0.2188,1.46,72,total_pnl_min25trades,0.6798579934219522,0.5215004511081649,0.0,0.5,0.30628031558460056,nan,nan,nan,0,0.0,0.0,nan
basis_1m_gt10bps,price_only,oracle,19735,11222,15387,0.5,,0,total_pnl_min25trades,0.5127048473480906,0.3712487823553316,0.07344728380436621,0.5127048473480906,0.35581984792357185,146.745266336421,1.0,nan,351,257537.9424204187,0.0,80.00948413938262
basis_1m_gt10bps,price_plus_book,no_trade,19735,11222,15387,0.5,,0,total_pnl_min25trades,0.5,0.36121401182816665,0.0,0.5,0.36121401182816665,nan,nan,nan,0,0.0,0.0,nan
basis_1m_gt10bps,price_plus_book,last_value,19735,11222,15387,0.05,-138.16,11222,total_pnl_min25trades,0.5,0.36121401182816665,0.5307233229887801,0.5,0.6387859881718334,-224.31256513812957,0.02281146422304543,-232.97452967973416,15387,-17257487.198902015,17252492.198902015,-484.66379458374035
basis_1m_gt10bps,price_plus_book,rolling_mean,19735,11222,15387,0.5,,0,total_pnl_min25trades,0.5,0.36121401182816665,0.0,0.5,0.36121401182816665,nan,nan,nan,0,0.0,0.0,nan
basis_1m_gt10bps,price_plus_book,ar1,19735,11222,15387,0.5,,0,total_pnl_min25trades,0.5,0.36121401182816665,0.5307233229887801,0.5,0.6387859881718334,-224.31256513812957,0.02281146422304543,-232.97452967973416,15387,-17257487.198902015,17252492.198902015,-484.66379458374035
basis_1m_gt10bps,price_plus_book,logistic,19735,11222,15387,0.95,63.03,218,total_pnl_min25trades,0.6362774018662636,0.555702974385033,0.5197604790419161,0.6278245273778591,0.29210948542796766,-262.7858871873878,0.06607513686992637,-291.78385801096977,5297,-6959884.222157963,6959884.222157963,-245.45563047115408
basis_1m_gt10bps,price_plus_book,ridge,19735,11222,15387,0.5,,0,total_pnl_min25trades,0.6859888018180332,0.5506667182391122,0.5441829694735847,0.6499310300415624,0.2436517887978776,-260.25674362662716,0.06987855863030061,-290.834163467601,5023,-6536348.116182743,6536348.116182743,-235.8564816594445
basis_1m_gt10bps,price_plus_book,lasso,19735,11222,15387,0.5,,0,total_pnl_min25trades,0.5417407550363463,0.43698973046919853,0.012140689162649527,0.5026008253184144,0.30087978116319586,-81.36833608769054,0.046511627906976744,-89.89825095660518,43,-17494.192258853465,17494.192258853465,-30.086119189019094
basis_1m_gt10bps,price_plus_book,lgbm,19735,11222,15387,0.2188,-173.01,34,total_pnl_min25trades,0.6209654322451158,0.4599935552680911,0.0425531914893617,0.5059781438561987,0.3347295866644636,-186.3903504013138,0.017937219730941704,-190.01992184488236,223,-207825.24069746493,207825.24069746493,-47.227740446118744
basis_1m_gt10bps,price_plus_book,xgb,19735,11222,15387,0.2188,0.22,39,total_pnl_min25trades,0.6330615434692507,0.4561563476977861,0.015895443306252206,0.5010468961669888,0.3361554346024775,-174.74064885425102,0.04807692307692308,-184.58059745343377,104,-90865.13740421055,90865.13740421055,-33.63931251918067
basis_1m_gt10bps,price_plus_book,rf,19735,11222,15387,0.3312,-23.15,111,total_pnl_min25trades,0.6886142932596482,0.5279312427791876,0.0,0.5,0.27982028472454545,nan,nan,nan,0,0.0,0.0,nan
basis_1m_gt10bps,price_plus_book,oracle,19735,11222,15387,0.5,,0,total_pnl_min25trades,0.5127048473480906,0.3712487823553316,0.07344728380436621,0.5127048473480906,0.35581984792357185,146.745266336421,1.0,nan,351,257537.9424204187,0.0,80.00948413938262
basis_1m_gt10bps,all,no_trade,19735,11222,15387,0.5,,0,total_pnl_min25trades,0.5,0.36121401182816665,0.0,0.5,0.36121401182816665,nan,nan,nan,0,0.0,0.0,nan
basis_1m_gt10bps,all,last_value,19735,11222,15387,0.05,-138.16,11222,total_pnl_min25trades,0.5,0.36121401182816665,0.0,0.5,0.25,nan,nan,nan,0,0.0,0.0,nan
basis_1m_gt10bps,all,rolling_mean,19735,11222,15387,0.5,,0,total_pnl_min25trades,0.5,0.36121401182816665,0.0,0.5,0.36121401182816665,nan,nan,nan,0,0.0,0.0,nan
basis_1m_gt10bps,all,ar1,19735,11222,15387,0.5,,0,total_pnl_min25trades,0.5,0.36121401182816665,0.0,0.5,0.3452886786655984,nan,nan,nan,0,0.0,0.0,nan
basis_1m_gt10bps,all,logistic,19735,11222,15387,0.95,-71.14,2752,total_pnl_min25trades,0.7071606277346218,0.5896630708298027,0.5308423718285632,0.5003914271209324,0.6245770483097396,-224.44775651151483,0.022835209160106694,-233.122107444912,15371,-17249932.326692495,17244937.326692495,-484.3772575559165
basis_1m_gt10bps,all,ridge,19735,11222,15387,0.5,,0,total_pnl_min25trades,0.6898396275483125,0.5500336475943453,0.5628336581645623,0.6501167718984194,0.25431611495497886,-237.89634442890886,0.056222969726093225,-260.81033040627324,6243,-7425934.391348384,7425934.391348384,-261.6541183994129
basis_1m_gt10bps,all,lasso,19735,11222,15387,0.5,,0,total_pnl_min25trades,0.5380258812890056,0.43358278401549377,0.011077362872967662,0.5023818139410255,0.3021484587232161,-83.47349954109154,0.02564102564102564,-85.7053361279491,39,-16277.332410512845,16277.332410512845,-31.519689040616797
basis_1m_gt10bps,all,lgbm,19735,11222,15387,0.5563,-109.52,30,total_pnl_min25trades,0.6607331536968377,0.4723918052530057,0.37455587392550144,0.569011803897749,0.2796141237897021,-320.3499051193325,0.04610041048310704,-343.00562434021884,3167,-5072740.747564621,5072740.747564621,-205.47450754455718
basis_1m_gt10bps,all,xgb,19735,11222,15387,0.1625,-20.97,37,total_pnl_min25trades,0.6645568787255228,0.47311593827209386,0.09041184041184042,0.50610093447173,0.312251631517445,-258.4496098157028,0.004559270516717325,-259.66983599279865,658,-850299.2162936624,850299.2162936624,-91.79094153788635
basis_1m_gt10bps,all,rf,19735,11222,15387,0.3312,-92.37,26,total_pnl_min25trades,0.7293653006534079,0.5795600269973749,0.34736699607418436,0.5876442638715412,0.22475278799596668,-256.94737929664245,0.0967741935483871,-297.1391449567373,1829,-2349783.7836677916,2349783.7836677916,-135.34071408089676
basis_1m_gt10bps,all,oracle,19735,11222,15387,0.5,,0,total_pnl_min25trades,0.5127048473480906,0.3712487823553316,0.07344728380436621,0.5127048473480906,0.35581984792357185,146.745266336421,1.0,nan,351,257537.9424204187,0.0,80.00948413938262
